{"cameraMode":{"drawMode":0,"name":"Shaded","section":"Shading Mode"},"sceneLighting":true,"audioPlay":false,"sceneViewState":{"showFog":true,"showMaterialUpdate":false,"showSkybox":true,"showFlares":true,"showImageEffects":true,"showParticleSystems":true},"in2DMode":false,"pivot":{"x":3.581393241882324,"y":0.9798374176025391,"z":-11.776029586791993},"rotation":{"x":-0.35532793402671816,"y":0.3864770829677582,"z":-0.16447025537490846,"w":-0.8350611329078674},"size":12.941654205322266,"orthographic":false}