{"cameraMode":{"drawMode":0,"name":"Shaded","section":"Shading Mode"},"sceneLighting":true,"audioPlay":false,"sceneViewState":{"showFog":true,"showMaterialUpdate":false,"showSkybox":true,"showFlares":true,"showImageEffects":true,"showParticleSystems":true},"in2DMode":false,"pivot":{"x":-0.6057708263397217,"y":6.257349491119385,"z":0.44437840580940249},"rotation":{"x":-0.04728880152106285,"y":0.6801679730415344,"z":0.04407145455479622,"w":0.7302007079124451},"size":4.041658401489258,"orthographic":false}